{"cameraMode":{"drawMode":0,"name":"Shaded","section":"Shading Mode"},"sceneLighting":true,"audioPlay":false,"sceneViewState":{"showFog":true,"showMaterialUpdate":false,"showSkybox":true,"showFlares":true,"showImageEffects":true,"showParticleSystems":true},"in2DMode":false,"pivot":{"x":0.8821155428886414,"y":-0.3067563474178314,"z":-2.422697067260742},"rotation":{"x":0.11589423567056656,"y":-0.88406902551651,"z":0.31656613945961,"w":0.32403042912483218},"size":2.572904348373413,"orthographic":false}